<?xml version="1.0" encoding="UTF-8"?>
<project-private xmlns="http://www.netbeans.org/ns/project-private/1">
    <editor-bookmarks xmlns="http://www.netbeans.org/ns/editor-bookmarks/2" lastBookmarkId="0"/>
    <open-files xmlns="http://www.netbeans.org/ns/projectui-open-files/2">
        <group>
            <file>file:/C:/Users/M%20U%20N%20Y%20I%20N%20Y%20A/Documents/NetBeansProjects/ShemaJSP/web/editStudentAdmission.jsp</file>
            <file>file:/C:/Users/M%20U%20N%20Y%20I%20N%20Y%20A/Documents/NetBeansProjects/ShemaJSP/web/displayAdmissionForm.jsp</file>
            <file>file:/C:/Users/M%20U%20N%20Y%20I%20N%20Y%20A/Documents/NetBeansProjects/ShemaJSP/web/AdmissionForm.jsp</file>
            <file>file:/C:/Users/M%20U%20N%20Y%20I%20N%20Y%20A/Documents/NetBeansProjects/ShemaJSP/web/registerStudentAdmission.jsp</file>
            <file>file:/C:/Users/M%20U%20N%20Y%20I%20N%20Y%20A/Documents/NetBeansProjects/ShemaJSP/web/adminDashboard.jsp</file>
        </group>
    </open-files>
</project-private>
